FeedbackID,ApplicantNRIC,Content,Status,SubmittedDate,ResolverName,ResolvedDate,ProjectName
1,S1234567A,Units were not clearly labelled,PENDING,2024-06-01,,,Acacia Breeze
2,S1234567A,Booking confirmation took too long,RESOLVED,2024-06-05,Michael,2024-06-10,Acacia Breeze
3,S2345678B,The pricing for 3-room flats is unclear,PENDING,2024-06-08,,,Palm Residences
4,S3456789C,Application portal was down,RESOLVED,2024-06-02,Alice,2024-06-03,Palm Residences
5,S4567890D,No nearby clinics or amenities mentioned,PENDING,2024-06-09,,,Sunset Grove
6,T7654321B,nothing,RESOLVED,2025-04-19,Michael,2025-04-19,ClementiLake

